Feature,Importance
ast,0.21422927
blk,0.20446618
trb,0.19583382
stl,0.10833033
pts,0.0822402
x3p_percent,0.08055305
x2p_percent,0.061449565
ft_percent,0.052897632
